{"acc": [0.077519222354063569, 0.079950068101382332, 0.079156949172126859, 0.078880167258911171, 0.078810790556628291, 0.078828678586976966, 0.07890289015587322, 0.079035600230815656, 0.079211821936428478, 0.079388769261022354, 0.079574176524853532, 0.079748223060329651, 0.079922268973022167, 0.080104050764486026, 0.080257308179304973, 0.08041129076356654, 0.080575909271558263, 0.080722398003000503, 0.08085994281004058, 0.081010057968600571, 0.081155338230808505, 0.081297475872631364, 0.081426318696500591, 0.081561446012139799, 0.081709143622933703], "loss": [0.022117617450024114, 0.0049537710868509275, 0.0021956086143602132, 0.0014385670845014796, 0.0011440946427292349, 0.00099771696423684147, 0.00091253743983802933, 0.00085740690575208467, 0.00081862990728980673, 0.00079041751130454825, 0.00076905902959982563, 0.00075232450073492582, 0.0007389469437669888, 0.00072796533433325391, 0.00071882969436031191, 0.00071108936662960551, 0.00070444884365338932, 0.00069869599220410408, 0.00069365365025185282, 0.00068919789710739218, 0.00068523255199103006, 0.00068167849219067484, 0.00067848017742916942, 0.00067558331360104888, 0.00067294481235091979], "val_acc": [0.078705879138376483, 0.077363546872348116, 0.076954538492779986, 0.076791371499735209, 0.076765263034536527, 0.076815301694019497, 0.076915378098001849, 0.077052440223538493, 0.07723083719922387, 0.07740270802027599, 0.077563701111919792, 0.07773774738424305, 0.077909618304885214, 0.078059732758361491, 0.078201145512567724, 0.078362136880058789, 0.078510076865715692, 0.078668894891999824, 0.078829886919274963, 0.079001757584717641, 0.079156223855719729, 0.079269354112614362, 0.079399888247326203, 0.079550004020370643, 0.079678362218309859], "val_loss": [0.0076939356213773201, 0.0027649690126323313, 0.0015674369038551823, 0.0011592700598670408, 0.00097353413430491503, 0.00087162420636396182, 0.00080858590088628312, 0.00076554372813610971, 0.00073467377403442914, 0.0007117419987380094, 0.00069400301471217582, 0.00067997863607388923, 0.00066857708894689288, 0.00065916934785485238, 0.00065125386527180827, 0.000644502781587614, 0.00063868406510374253, 0.00063360627988040595, 0.00062913787774061835, 0.0006251724591345854, 0.00062162846103333926, 0.00061844976509424466, 0.00061557809509097305, 0.00061296862476651617, 0.00061058435624719381]}