{"acc": [0.93063332361876649, 0.92551978011072555, 0.92493029600932519, 0.92464321369360913, 0.92444900625619919, 0.92428910833199185, 0.92415107262130414, 0.92402484578912158, 0.92390915114040462, 0.92380989314119077, 0.92371302877061834, 0.92362127099514524, 0.92352967270717445, 0.92344318100699807, 0.92336562568388447, 0.92328551711679063, 0.92321083424763739, 0.92313998124201924, 0.92306785161441107, 0.92299731782729555, 0.92293013512709587, 0.92286518652177063, 0.92280039754030663, 0.92273959803528161, 0.92267640481639079, 0.92261863725039339, 0.92256230592902977, 0.92250246390784651, 0.92244405803511531, 0.92239155661502903, 0.92233586359796427, 0.92227793649454737, 0.92222447757235704, 0.92216942290463821, 0.92211979393242482, 0.92207016485307225, 0.92201989755342773, 0.92197298138696371, 0.92192590565873045, 0.92187898945452418, 0.92183510533300939, 0.92179058277692427, 0.92174621987392025, 0.92170871884774586, 0.92166435599465879, 0.92162286548595806, 0.92157946000592117, 0.92154211858899815, 0.92150350048799301, 0.92146951021033785], "loss": [0.016367053854205733, 0.0022585212520710644, 0.0012954504638157352, 0.0010632060596873288, 0.00096575875584089795, 0.00091286247346649644, 0.00087979186772796337, 0.00085711973801726703, 0.00084056196399264111, 0.00082790804107588979, 0.0008178989342478379, 0.00080975824126007631, 0.00080300234672478087, 0.00079729152083956429, 0.00079239443605469027, 0.00078814185412632708, 0.00078440772825758248, 0.00078110283759136323, 0.00077815745710425811, 0.00077550928917002318, 0.00077311743521076221, 0.00077094382004115104, 0.00076895870790600414, 0.00076713958541338272, 0.00076546541392593325, 0.00076391808152588428, 0.00076248380797352543, 0.00076115223653269173, 0.00075991372441110302, 0.00075875597135800787, 0.000757672489100587, 0.00075665548748204731, 0.00075569937635399905, 0.00075479846719244477, 0.00075394832806962556, 0.00075314455307255983, 0.00075238337390095449, 0.00075166163712517449, 0.00075097698449272702, 0.00075032634297214217, 0.00074970644701460279, 0.00074911596936279919, 0.00074855256214812404, 0.00074801479365229229, 0.0007475004836716185, 0.00074700844456954054, 0.00074653713907778935, 0.00074608534953490391, 0.00074565240890022647, 0.00074523671870114062], "val_acc": [0.92371036305147058, 0.92282858455882355, 0.92247099034926472, 0.9222512637867647, 0.9220631318933824, 0.92193388097426465, 0.92181468290441182, 0.9217170266544118, 0.92160213694852944, 0.92150304457720589, 0.92140251608455881, 0.92133358226102946, 0.92123736213235297, 0.92114114200367647, 0.92107077205882348, 0.92099322150735297, 0.92092141544117645, 0.92084099264705888, 0.92077205882352942, 0.92070743336397054, 0.92064855238970589, 0.92057961856617643, 0.92052504595588236, 0.9204561121323529, 0.92037856158088238, 0.92031106387867645, 0.92024931066176474, 0.92020479090073526, 0.92014160156250002, 0.92009277343749996, 0.9200338924632353, 0.91997931985294112, 0.91991469439338236, 0.91987161075367652, 0.91981847426470587, 0.91975528492647063, 0.91970932904411762, 0.91965906479779413, 0.9196217256433824, 0.91957720588235292, 0.91953412224264708, 0.91948529411764701, 0.9194436465992647, 0.91940774356617649, 0.91936609604779407, 0.91932014016544117, 0.91928854549632355, 0.91922966452205879, 0.91917221966911766, 0.91912626378676465], "val_loss": [0.0037797623313963412, 0.001635431286002345, 0.0012629363268120762, 0.0011294467655448791, 0.0010630063993363257, 0.0010236390921122887, 0.00099761183596188741, 0.00097909067647860334, 0.0009652086370967, 0.00095439074828070319, 0.00094569516607888923, 0.00093854926731985278, 0.00093255693431916259, 0.00092745284388964886, 0.00092304521907970094, 0.00091919373354518456, 0.00091579920519828135, 0.00091278511921272557, 0.00091008352379396773, 0.00090765078014502407, 0.00090544553206521356, 0.00090343626849490272, 0.00090159885953385933, 0.00089991113747922048, 0.00089835409744409844, 0.00089691273991347232, 0.00089557579168981377, 0.00089433414686936887, 0.0008931755541091073, 0.00089209247551694075, 0.00089107693998170465, 0.00089012325273977371, 0.00088922547061776958, 0.00088837896550745317, 0.00088757940085248694, 0.00088682281433755312, 0.00088610595027121771, 0.00088542637103648087, 0.00088478102432632379, 0.00088416656063225886, 0.00088358163681251053, 0.00088302382766200667, 0.00088249171924818413, 0.00088198311517343798, 0.00088149668368072635, 0.00088103104833006749, 0.00088058490064748401, 0.00088015750892843836, 0.00087974741070545007, 0.0008793535304207848]}