{"acc": [0.52006269526690396, 0.94168049371855922, 0.95063082089964579, 0.95513450875686989, 0.9566346905163533, 0.95803431224113322, 0.96180120443492956, 0.96757712185746159, 0.97322202104496602, 0.97601232057957554, 0.98029385775953803, 0.98114523385737307, 0.98166084583710278, 0.98224607623373317, 0.98246363403367876, 0.98258812539319806, 0.98285112860599744, 0.98296812635464126, 0.98309721057118971, 0.98325796160921752, 0.98331428497209938, 0.98348663902551237, 0.98358357312851252, 0.98363433664817868, 0.98374867535909249], "loss": [0.00073044067703476978, 0.00069757795741455335, 0.00067826667770646252, 0.00066496231337552665, 0.00065551478018408417, 0.00064863256902697225, 0.00064342482059695147, 0.00063930716696721348, 0.00063605195221441387, 0.00063346855191815743, 0.00063141779450217813, 0.00062979903136935319, 0.00062846142965714068, 0.00062733740623194809, 0.00062637341841582158, 0.00062552906731511582, 0.00062479869720645249, 0.0006241654927184963, 0.00062360972916943871, 0.00062311507992933077, 0.00062267714162589447, 0.00062228975979591742, 0.00062194486759753009, 0.00062163692556677368, 0.00062135916553151161], "val_acc": [0.90994848228370673, 0.94843445422422978, 0.95289221313862171, 0.95504821077159308, 0.95665378721269578, 0.95851608188794335, 0.96451632553606237, 0.97124321219715959, 0.97393440201036185, 0.97707158521303261, 0.97958872881615533, 0.98055903646349074, 0.98103983916468818, 0.9813814048845434, 0.98160331382355759, 0.98178823793940273, 0.98196010858824712, 0.98212110134792407, 0.98227991852976759, 0.98244743802294499, 0.98256274364811902, 0.98267152253979262, 0.98278247700929977, 0.98291518725714155, 0.98302831730448215], "val_loss": [0.00054924620518502889, 0.00054874977329551374, 0.00054841232388813297, 0.00054815942377466173, 0.00054796433438832504, 0.00054781186448597406, 0.00054768693324233435, 0.00054758247242220196, 0.0005474936779727472, 0.00054741810319467496, 0.00054735423802792095, 0.00054729904121540609, 0.00054725048756494024, 0.00054720727494959051, 0.00054716827131058804, 0.00054713321645596057, 0.00054710161269480833, 0.00054707265552626089, 0.00054704589575769774, 0.00054702117875222544, 0.00054699816541091146, 0.00054697689949891439, 0.00054695713502362438, 0.00054693868655044363, 0.00054692145150680787]}