{"acc": [0.77491451405194112, 0.84538375964217971, 0.86202776751264631, 0.87484035758424472, 0.88227660354281001, 0.8923289252020975, 0.89962097803898966, 0.90767519459688872, 0.91245416714235261, 0.91785111026013877, 0.91941663575340382, 0.92063197786628359, 0.92471058374920068, 0.92557574262903086, 0.92810942198905766, 0.92988093775331282, 0.92872739251226788, 0.93091088860241111, 0.93393894445467407, 0.9341861328137494, 0.93389774642797863, 0.93435092494263128, 0.93636962880321328, 0.93604004445459255, 0.93807934735921716], "loss": [0.48390252288607888, 0.36289446484451754, 0.32626616868366543, 0.30233735212121471, 0.27979966666840583, 0.25490561924503069, 0.23373733321179843, 0.21627245121956834, 0.20553887270844351, 0.19528546695157112, 0.19057028705130419, 0.18021503318062337, 0.17408980574912047, 0.16985509692959577, 0.16622162257147255, 0.16221689930209388, 0.16179491743443555, 0.15774107231191331, 0.15322559887038925, 0.15332663261145876, 0.15060866067218764, 0.15096563481370573, 0.14649862724579699, 0.14913719613116569, 0.14617720526621111], "val_acc": [0.81684027777777779, 0.84114583333333337, 0.85655381944444442, 0.84830729166666663, 0.84874131944444442, 0.87131076388888884, 0.88020833333333337, 0.86979166666666663, 0.87413194444444442, 0.88107638888888884, 0.88042534722222221, 0.87369791666666663, 0.87847222222222221, 0.8828125, 0.88693576388888884, 0.87890625, 0.87326388888888884, 0.85134548611111116, 0.86957465277777779, 0.87912326388888884, 0.86653645833333337, 0.869140625, 0.88237847222222221, 0.87912326388888884, 0.88172743055555558], "val_loss": [0.40798788434929317, 0.37062009010050034, 0.34234731396039325, 0.35271826717588639, 0.36071940925386214, 0.29081366376744378, 0.2820054292678833, 0.35990591512786019, 0.30775959706968731, 0.28319994277424282, 0.29275630911191303, 0.3412984510262807, 0.29072394718726474, 0.35257227056556278, 0.28974987069765729, 0.41046510967943406, 0.44446496499909294, 0.32015901307264966, 0.32299384060833192, 0.36909725848171449, 0.42586555580298108, 0.31586820218298173, 0.29480926775270039, 0.39671043058236438, 0.33448946889903808]}